{
  "hf_record_10MHz_2016kHz_20251109_164152.h5": {
    "len": 10080812,
    "mean": -6.109386109530014e-07,
    "std": 4.642061572009027e-05,
    "min": -0.0006103701889514923,
    "max": 0.0002441480755805969,
    "md5": "f6425b6e1eddf484abbf2d74cd194f94"
  },
  "qpsk_100MHz_2016kHz_20251109_161634.h5": {
    "len": 6048390,
    "mean": 0.0004663844443839165,
    "std": 0.32192851303158887,
    "min": -0.49497474683058323,
    "max": 0.49497474683058323,
    "md5": "6cc4a5db8ad430d3d5171a0989259f13"
  },
  "qpsk_100MHz_2016kHz_20251109_163417.h5": {
    "len": 6048390,
    "mean": -0.0005086605183662551,
    "std": 0.32192894439296454,
    "min": -0.49497474683058323,
    "max": 0.49497474683058323,
    "md5": "80dd90d8b1bee188fe686535041541c1"
  },
  "qpsk_100MHz_2016kHz_20251109_164435.h5": {
    "len": 6048390,
    "mean": -9.57218965247804e-05,
    "std": 0.32192897063697345,
    "min": -0.49497474683058323,
    "max": 0.49497474683058323,
    "md5": "5bcc6b3f18525ec99f61f82918a16a2d"
  }
}